{
    "title": "System - Networking",
    "description": "This dashboard visualizes network traffic for every host in your system so you can identify connectivity issues or bottlenecks in your infrastructure. For further reading on network monitoring: \n\n- [Datadog’s network check docs](https://docs.datadoghq.com/integrations/network/#pagetitle). \n\nClone this template dashboard to make changes and add your own graph widgets.",
    "widgets": [
        {
            "id": 6695796313167065,
            "definition": {
                "title": "Network traffic (per sec)",
                "show_legend": true,
                "legend_layout": "auto",
                "type": "timeseries",
                "requests": [
                    {
                        "q": "sum:system.net.bytes_rcvd{$scope}"
                    },
                    {
                        "q": "sum:system.net.bytes_sent{$scope}"
                    }
                ]
            }
        },
        {
            "id": 4417891710808596,
            "definition": {
                "title": "Network in (per sec, avg/min/max)",
                "show_legend": true,
                "legend_layout": "auto",
                "type": "timeseries",
                "requests": [
                    {
                        "q": "avg:system.net.bytes_rcvd{$scope}"
                    },
                    {
                        "q": "min:system.net.bytes_rcvd{$scope}"
                    },
                    {
                        "q": "max:system.net.bytes_rcvd{$scope}"
                    }
                ]
            }
        },
        {
            "id": 89564180414574,
            "definition": {
                "title": "Network out (per sec, avg/min/max)",
                "show_legend": true,
                "legend_layout": "auto",
                "type": "timeseries",
                "requests": [
                    {
                        "q": "avg:system.net.bytes_sent{$scope}"
                    },
                    {
                        "q": "min:system.net.bytes_sent{$scope}"
                    },
                    {
                        "q": "max:system.net.bytes_sent{$scope}"
                    }
                ]
            }
        },
        {
            "id": 783723105051659,
            "definition": {
                "title": "Network in (per sec, by host)",
                "show_legend": true,
                "legend_layout": "auto",
                "type": "timeseries",
                "requests": [
                    {
                        "q": "system.net.bytes_rcvd{$scope} by {host}"
                    }
                ]
            }
        },
        {
            "id": 7796612913012273,
            "definition": {
                "title": "Network out (per sec, by host)",
                "show_legend": true,
                "legend_layout": "auto",
                "type": "timeseries",
                "requests": [
                    {
                        "q": "system.net.bytes_sent{$scope} by {host}"
                    }
                ]
            }
        },
        {
            "id": 4710684032181871,
            "definition": {
                "title": "Network in (per sec, by device)",
                "show_legend": true,
                "legend_layout": "auto",
                "type": "timeseries",
                "requests": [
                    {
                        "q": "system.net.bytes_rcvd{$scope} by {device}"
                    }
                ]
            }
        },
        {
            "id": 7195155575048141,
            "definition": {
                "title": "Network out (per sec, by device)",
                "show_legend": true,
                "legend_layout": "auto",
                "type": "timeseries",
                "requests": [
                    {
                        "q": "system.net.bytes_sent{$scope} by {device}"
                    }
                ]
            }
        }
    ],
    "template_variables": [
        {
            "name": "scope",
            "default": "*",
            "available_values": []
        }
    ],
    "layout_type": "ordered",
    "is_read_only": true,
    "notify_list": [],
    "reflow_type": "auto",
    "id": 3
}
