{
    "title": "Monitor Notifications Overview",
    "description": "Use this overview of your Datadog Monitors to analyze recent alert trends, improve your configuration and reduce alert fatigue:\n\n* Gain insight into your noisiest monitors\n* Break-down monitors by attribute\n* Compare historical trends\n* Clone dashboard to customize to your needs\n\nLearn More: [Datadog monitor documentation](https://docs.datadoghq.com/monitors/)\n\nThis dashboard is available as part of the new events beta and may be subject to changes. Please send us your feedback and suggestion to  support@datadoghq.com!",
    "widgets": [
        {
            "id": 2753449845369802,
            "definition": {
                "title": "⚡️ LIVE Monitor Status  ",
                "type": "group",
                "background_color": "white",
                "show_title": true,
                "layout_type": "ordered",
                "widgets": [
                    {
                        "id": 3162957739278854,
                        "definition": {
                            "type": "note",
                            "content": "This is a live status summary of your current monitors. This widget is always showing real-time data independent of the dashboard time frame.",
                            "background_color": "yellow",
                            "font_size": "14",
                            "text_align": "center",
                            "vertical_align": "center",
                            "show_tick": true,
                            "tick_pos": "50%",
                            "tick_edge": "bottom",
                            "has_padding": true
                        },
                        "layout": {
                            "x": 0,
                            "y": 0,
                            "width": 6,
                            "height": 1
                        }
                    },
                    {
                        "id": 2191114231006272,
                        "definition": {
                            "title_size": "13",
                            "title_align": "left",
                            "type": "manage_status",
                            "summary_type": "monitors",
                            "display_format": "countsAndList",
                            "color_preference": "text",
                            "hide_zero_counts": true,
                            "show_last_triggered": false,
                            "query": "$monitor_name.value",
                            "sort": "status,asc",
                            "count": 50,
                            "start": 0
                        },
                        "layout": {
                            "x": 0,
                            "y": 1,
                            "width": 6,
                            "height": 5
                        }
                    }
                ]
            },
            "layout": {
                "x": 0,
                "y": 0,
                "width": 6,
                "height": 7
            }
        },
        {
            "id": 2163966544303612,
            "definition": {
                "title": "Notifications Overview",
                "type": "group",
                "background_color": "vivid_purple",
                "show_title": true,
                "layout_type": "ordered",
                "widgets": [
                    {
                        "id": 8080743153991942,
                        "definition": {
                            "type": "note",
                            "content": "\"Notifications\" are created every time a Monitor changes status. These widgets follow the global timeframe, allowing you to compare trends over time.\n",
                            "background_color": "yellow",
                            "font_size": "14",
                            "text_align": "center",
                            "vertical_align": "center",
                            "show_tick": true,
                            "tick_pos": "50%",
                            "tick_edge": "bottom",
                            "has_padding": true
                        },
                        "layout": {
                            "x": 0,
                            "y": 0,
                            "width": 6,
                            "height": 1
                        }
                    },
                    {
                        "id": 3181983459124206,
                        "definition": {
                            "title": "Alert Events",
                            "title_size": "16",
                            "title_align": "left",
                            "type": "query_value",
                            "requests": [
                                {
                                    "formulas": [
                                        {
                                            "formula": "query1"
                                        }
                                    ],
                                    "conditional_formats": [
                                        {
                                            "comparator": ">",
                                            "palette": "white_on_red",
                                            "value": 0
                                        }
                                    ],
                                    "response_format": "scalar",
                                    "queries": [
                                        {
                                            "search": {
                                                "query": "source:alert status:error $monitor_name $service $env"
                                            },
                                            "data_source": "events",
                                            "compute": {
                                                "aggregation": "count"
                                            },
                                            "name": "query1",
                                            "indexes": [
                                                "*"
                                            ],
                                            "group_by": []
                                        }
                                    ]
                                }
                            ],
                            "autoscale": true,
                            "precision": 2
                        },
                        "layout": {
                            "x": 0,
                            "y": 1,
                            "width": 2,
                            "height": 1
                        }
                    },
                    {
                        "id": 14122099582078,
                        "definition": {
                            "title": "Warn Events",
                            "title_size": "16",
                            "title_align": "left",
                            "type": "query_value",
                            "requests": [
                                {
                                    "formulas": [
                                        {
                                            "formula": "query1"
                                        }
                                    ],
                                    "conditional_formats": [
                                        {
                                            "comparator": ">",
                                            "palette": "white_on_yellow",
                                            "value": 0
                                        }
                                    ],
                                    "response_format": "scalar",
                                    "queries": [
                                        {
                                            "search": {
                                                "query": "source:alert status:warn $monitor_name $service $env"
                                            },
                                            "data_source": "events",
                                            "compute": {
                                                "aggregation": "count"
                                            },
                                            "name": "query1",
                                            "indexes": [
                                                "*"
                                            ],
                                            "group_by": []
                                        }
                                    ]
                                }
                            ],
                            "autoscale": true,
                            "precision": 2
                        },
                        "layout": {
                            "x": 2,
                            "y": 1,
                            "width": 2,
                            "height": 1
                        }
                    },
                    {
                        "id": 1547055214122598,
                        "definition": {
                            "title": "OK Events",
                            "title_size": "16",
                            "title_align": "left",
                            "type": "query_value",
                            "requests": [
                                {
                                    "formulas": [
                                        {
                                            "formula": "query1"
                                        }
                                    ],
                                    "conditional_formats": [
                                        {
                                            "comparator": ">",
                                            "palette": "white_on_green",
                                            "value": 0
                                        }
                                    ],
                                    "response_format": "scalar",
                                    "queries": [
                                        {
                                            "search": {
                                                "query": "source:alert status:ok $monitor_name $service $env"
                                            },
                                            "data_source": "events",
                                            "compute": {
                                                "aggregation": "count"
                                            },
                                            "name": "query1",
                                            "indexes": [
                                                "*"
                                            ],
                                            "group_by": []
                                        }
                                    ]
                                }
                            ],
                            "autoscale": true,
                            "precision": 2
                        },
                        "layout": {
                            "x": 4,
                            "y": 1,
                            "width": 2,
                            "height": 1
                        }
                    },
                    {
                        "id": 598237501173964,
                        "definition": {
                            "title": "Alert and warn notifications timeline",
                            "title_size": "16",
                            "title_align": "left",
                            "show_legend": true,
                            "legend_layout": "horizontal",
                            "legend_columns": [
                                "avg",
                                "min",
                                "max",
                                "value",
                                "sum"
                            ],
                            "type": "timeseries",
                            "requests": [
                                {
                                    "formulas": [
                                        {
                                            "alias": "Alerts",
                                            "formula": "query1"
                                        }
                                    ],
                                    "response_format": "timeseries",
                                    "on_right_yaxis": true,
                                    "queries": [
                                        {
                                            "search": {
                                                "query": "status:error source:alert $monitor_name $service $env"
                                            },
                                            "data_source": "events",
                                            "compute": {
                                                "aggregation": "count"
                                            },
                                            "name": "query1",
                                            "indexes": [
                                                "*"
                                            ],
                                            "group_by": []
                                        }
                                    ],
                                    "style": {
                                        "palette": "grey",
                                        "line_type": "solid",
                                        "line_width": "normal"
                                    },
                                    "display_type": "bars"
                                },
                                {
                                    "formulas": [
                                        {
                                            "alias": "Warns",
                                            "formula": "query1"
                                        }
                                    ],
                                    "response_format": "timeseries",
                                    "on_right_yaxis": false,
                                    "queries": [
                                        {
                                            "search": {
                                                "query": "source:alert status:warn $monitor_name $service $env"
                                            },
                                            "data_source": "events",
                                            "compute": {
                                                "aggregation": "count"
                                            },
                                            "name": "query1",
                                            "indexes": [
                                                "*"
                                            ],
                                            "group_by": []
                                        }
                                    ],
                                    "style": {
                                        "palette": "orange",
                                        "line_type": "solid",
                                        "line_width": "normal"
                                    },
                                    "display_type": "line"
                                }
                            ],
                            "yaxis": {
                                "include_zero": true,
                                "scale": "linear",
                                "label": "",
                                "min": "auto",
                                "max": "auto"
                            },
                            "right_yaxis": {
                                "include_zero": true,
                                "scale": "linear",
                                "label": "",
                                "min": "auto",
                                "max": "auto"
                            },
                            "markers": [
                                {
                                    "value": "y = 0",
                                    "display_type": "error dashed"
                                }
                            ]
                        },
                        "layout": {
                            "x": 0,
                            "y": 2,
                            "width": 6,
                            "height": 2
                        }
                    },
                    {
                        "id": 7933968382847430,
                        "definition": {
                            "title": "Top alert and warn notifications",
                            "title_size": "16",
                            "title_align": "left",
                            "type": "toplist",
                            "requests": [
                                {
                                    "formulas": [
                                        {
                                            "formula": "query1"
                                        }
                                    ],
                                    "response_format": "scalar",
                                    "queries": [
                                        {
                                            "search": {
                                                "query": "status:(warn OR error) source:alert $monitor_name $service $env"
                                            },
                                            "data_source": "events",
                                            "compute": {
                                                "aggregation": "count"
                                            },
                                            "name": "query1",
                                            "indexes": [
                                                "*"
                                            ],
                                            "group_by": [
                                                {
                                                    "facet": "@evt.name",
                                                    "sort": {
                                                        "aggregation": "count",
                                                        "order": "desc"
                                                    },
                                                    "limit": 5
                                                }
                                            ]
                                        }
                                    ]
                                }
                            ]
                        },
                        "layout": {
                            "x": 0,
                            "y": 4,
                            "width": 6,
                            "height": 2
                        }
                    }
                ]
            },
            "layout": {
                "x": 6,
                "y": 0,
                "width": 6,
                "height": 7
            }
        },
        {
            "id": 7664943996380006,
            "definition": {
                "title": "Notification Breakdown",
                "type": "group",
                "background_color": "vivid_purple",
                "show_title": true,
                "layout_type": "ordered",
                "widgets": [
                    {
                        "id": 7724754505289214,
                        "definition": {
                            "title": "Top notifications",
                            "title_size": "16",
                            "title_align": "left",
                            "type": "toplist",
                            "requests": [
                                {
                                    "formulas": [
                                        {
                                            "formula": "query1"
                                        }
                                    ],
                                    "response_format": "scalar",
                                    "queries": [
                                        {
                                            "search": {
                                                "query": "status:error source:alert $monitor_name $service $env"
                                            },
                                            "data_source": "events",
                                            "compute": {
                                                "aggregation": "count"
                                            },
                                            "name": "query1",
                                            "indexes": [
                                                "*"
                                            ],
                                            "group_by": [
                                                {
                                                    "facet": "@monitor_notifications",
                                                    "sort": {
                                                        "aggregation": "count",
                                                        "order": "desc"
                                                    },
                                                    "limit": 10
                                                }
                                            ]
                                        }
                                    ]
                                }
                            ]
                        },
                        "layout": {
                            "x": 0,
                            "y": 0,
                            "width": 3,
                            "height": 3
                        }
                    },
                    {
                        "id": 3237111322194634,
                        "definition": {
                            "title": "Top notifying services",
                            "title_size": "16",
                            "title_align": "left",
                            "type": "toplist",
                            "requests": [
                                {
                                    "formulas": [
                                        {
                                            "formula": "query1"
                                        }
                                    ],
                                    "response_format": "scalar",
                                    "queries": [
                                        {
                                            "search": {
                                                "query": "status:error source:alert $monitor_name $service $env"
                                            },
                                            "data_source": "events",
                                            "compute": {
                                                "aggregation": "count"
                                            },
                                            "name": "query1",
                                            "indexes": [
                                                "*"
                                            ],
                                            "group_by": [
                                                {
                                                    "facet": "service",
                                                    "sort": {
                                                        "aggregation": "count",
                                                        "order": "desc"
                                                    },
                                                    "limit": 10
                                                }
                                            ]
                                        }
                                    ]
                                }
                            ]
                        },
                        "layout": {
                            "x": 3,
                            "y": 0,
                            "width": 3,
                            "height": 3
                        }
                    },
                    {
                        "id": 8697119421892476,
                        "definition": {
                            "title": "Top notifying monitors",
                            "title_size": "16",
                            "title_align": "left",
                            "type": "toplist",
                            "requests": [
                                {
                                    "formulas": [
                                        {
                                            "formula": "query1",
                                            "limit": {
                                                "count": 10,
                                                "order": "desc"
                                            }
                                        }
                                    ],
                                    "response_format": "scalar",
                                    "queries": [
                                        {
                                            "search": {
                                                "query": "-status:ok source:alert $monitor_name $service $env"
                                            },
                                            "data_source": "events",
                                            "compute": {
                                                "aggregation": "count"
                                            },
                                            "name": "query1",
                                            "indexes": [
                                                "*"
                                            ],
                                            "group_by": [
                                                {
                                                    "facet": "@evt.name",
                                                    "sort": {
                                                        "aggregation": "count",
                                                        "order": "desc"
                                                    },
                                                    "limit": 10
                                                }
                                            ]
                                        }
                                    ]
                                }
                            ]
                        },
                        "layout": {
                            "x": 6,
                            "y": 0,
                            "width": 3,
                            "height": 3
                        }
                    },
                    {
                        "id": 7479499549200932,
                        "definition": {
                            "title": "Top notifying hosts",
                            "title_size": "16",
                            "title_align": "left",
                            "type": "toplist",
                            "requests": [
                                {
                                    "formulas": [
                                        {
                                            "formula": "query1"
                                        }
                                    ],
                                    "response_format": "scalar",
                                    "queries": [
                                        {
                                            "search": {
                                                "query": "status:error source:alert $monitor_name $service $env"
                                            },
                                            "data_source": "events",
                                            "compute": {
                                                "aggregation": "count"
                                            },
                                            "name": "query1",
                                            "indexes": [
                                                "*"
                                            ],
                                            "group_by": [
                                                {
                                                    "facet": "host",
                                                    "sort": {
                                                        "aggregation": "count",
                                                        "order": "desc"
                                                    },
                                                    "limit": 10
                                                }
                                            ]
                                        }
                                    ]
                                }
                            ]
                        },
                        "layout": {
                            "x": 9,
                            "y": 0,
                            "width": 3,
                            "height": 3
                        }
                    },
                    {
                        "id": 7527104385302080,
                        "definition": {
                            "title": "Alert notification timeline by monitor",
                            "title_size": "16",
                            "title_align": "left",
                            "show_legend": true,
                            "legend_layout": "horizontal",
                            "legend_columns": [
                                "avg",
                                "min",
                                "max",
                                "value",
                                "sum"
                            ],
                            "type": "timeseries",
                            "requests": [
                                {
                                    "formulas": [
                                        {
                                            "alias": "Monitor name",
                                            "formula": "query1"
                                        }
                                    ],
                                    "response_format": "timeseries",
                                    "on_right_yaxis": false,
                                    "queries": [
                                        {
                                            "search": {
                                                "query": "-status:ok source:(query_alert_monitor OR synthetics_alert OR metric_alert_monitor OR log_alert OR alert) $monitor_name $service $env"
                                            },
                                            "data_source": "events",
                                            "compute": {
                                                "aggregation": "count"
                                            },
                                            "name": "query1",
                                            "indexes": [
                                                "*"
                                            ],
                                            "group_by": [
                                                {
                                                    "facet": "@evt.name",
                                                    "sort": {
                                                        "aggregation": "count",
                                                        "order": "desc"
                                                    },
                                                    "limit": 10
                                                }
                                            ]
                                        }
                                    ],
                                    "style": {
                                        "palette": "warm",
                                        "line_type": "solid",
                                        "line_width": "normal"
                                    },
                                    "display_type": "bars"
                                }
                            ],
                            "yaxis": {
                                "include_zero": true,
                                "scale": "linear",
                                "label": "",
                                "min": "auto",
                                "max": "auto"
                            },
                            "markers": []
                        },
                        "layout": {
                            "x": 0,
                            "y": 3,
                            "width": 12,
                            "height": 3
                        }
                    }
                ]
            },
            "layout": {
                "x": 0,
                "y": 7,
                "width": 12,
                "height": 7,
                "is_column_break": true
            }
        },
        {
            "id": 4883210729794492,
            "definition": {
                "title": "Notifications - Day over Day",
                "type": "group",
                "background_color": "vivid_purple",
                "show_title": true,
                "layout_type": "ordered",
                "widgets": [
                    {
                        "id": 8748336834314294,
                        "definition": {
                            "title": "Today",
                            "title_size": "16",
                            "title_align": "left",
                            "time": {
                                "live_span": "1d"
                            },
                            "type": "query_value",
                            "requests": [
                                {
                                    "formulas": [
                                        {
                                            "formula": "query1"
                                        }
                                    ],
                                    "response_format": "scalar",
                                    "queries": [
                                        {
                                            "search": {
                                                "query": "source:alert status:error $monitor_name"
                                            },
                                            "data_source": "events",
                                            "compute": {
                                                "aggregation": "count"
                                            },
                                            "name": "query1",
                                            "indexes": [
                                                "*"
                                            ],
                                            "group_by": []
                                        }
                                    ]
                                }
                            ],
                            "autoscale": true,
                            "custom_unit": "",
                            "precision": 0
                        },
                        "layout": {
                            "x": 0,
                            "y": 0,
                            "width": 2,
                            "height": 2
                        }
                    },
                    {
                        "id": 4487183346561468,
                        "definition": {
                            "title": "Day over day notification changes by hour ",
                            "title_size": "16",
                            "title_align": "left",
                            "show_legend": true,
                            "legend_layout": "horizontal",
                            "legend_columns": [
                                "avg",
                                "min",
                                "max",
                                "value",
                                "sum"
                            ],
                            "time": {
                                "live_span": "1d"
                            },
                            "type": "timeseries",
                            "requests": [
                                {
                                    "formulas": [
                                        {
                                            "alias": "Day over Day",
                                            "formula": "hour_before(clamp_min(((query1 - day_before(query2)) / query1) * 100, 0))"
                                        }
                                    ],
                                    "response_format": "timeseries",
                                    "on_right_yaxis": false,
                                    "queries": [
                                        {
                                            "search": {
                                                "query": "source:alert status:error $monitor_name $service $env"
                                            },
                                            "data_source": "events",
                                            "compute": {
                                                "interval": 3600000,
                                                "aggregation": "count"
                                            },
                                            "name": "query1",
                                            "indexes": [
                                                "*"
                                            ],
                                            "group_by": []
                                        },
                                        {
                                            "search": {
                                                "query": "source:alert status:error $monitor_name $service $env"
                                            },
                                            "data_source": "events",
                                            "compute": {
                                                "interval": 3600000,
                                                "aggregation": "count"
                                            },
                                            "name": "query2",
                                            "indexes": [
                                                "*"
                                            ],
                                            "group_by": []
                                        }
                                    ],
                                    "style": {
                                        "palette": "red",
                                        "line_type": "solid",
                                        "line_width": "normal"
                                    },
                                    "display_type": "bars"
                                },
                                {
                                    "formulas": [
                                        {
                                            "alias": "Day over Day",
                                            "formula": "hour_before(clamp_max(((query0 - day_before(query1)) / query0) * 100, 0))"
                                        }
                                    ],
                                    "response_format": "timeseries",
                                    "on_right_yaxis": false,
                                    "queries": [
                                        {
                                            "search": {
                                                "query": "source:alert status:error $monitor_name $service $env"
                                            },
                                            "data_source": "events",
                                            "compute": {
                                                "interval": 3600000,
                                                "aggregation": "count"
                                            },
                                            "name": "query0",
                                            "indexes": [
                                                "*"
                                            ],
                                            "group_by": []
                                        },
                                        {
                                            "search": {
                                                "query": "source:alert status:error $monitor_name $service $env"
                                            },
                                            "data_source": "events",
                                            "compute": {
                                                "interval": 3600000,
                                                "aggregation": "count"
                                            },
                                            "name": "query1",
                                            "indexes": [
                                                "*"
                                            ],
                                            "group_by": []
                                        }
                                    ],
                                    "style": {
                                        "palette": "green",
                                        "line_type": "solid",
                                        "line_width": "normal"
                                    },
                                    "display_type": "bars"
                                }
                            ],
                            "yaxis": {
                                "include_zero": false
                            },
                            "markers": [
                                {
                                    "label": " 100% increase ",
                                    "value": "y = 100",
                                    "display_type": "error dashed"
                                },
                                {
                                    "label": " 100% decrease ",
                                    "value": "y = -100",
                                    "display_type": "ok dashed"
                                },
                                {
                                    "value": "y = 0",
                                    "display_type": "info bold"
                                }
                            ]
                        },
                        "layout": {
                            "x": 2,
                            "y": 0,
                            "width": 10,
                            "height": 4
                        }
                    },
                    {
                        "id": 8203910975334980,
                        "definition": {
                            "title": "Change",
                            "title_size": "16",
                            "title_align": "left",
                            "time": {
                                "live_span": "1d"
                            },
                            "type": "query_value",
                            "requests": [
                                {
                                    "formulas": [
                                        {
                                            "formula": "((query1 - day_before(query1)) / query1) * 100"
                                        }
                                    ],
                                    "conditional_formats": [
                                        {
                                            "comparator": "<=",
                                            "palette": "green_on_white",
                                            "value": 0
                                        },
                                        {
                                            "comparator": ">",
                                            "palette": "red_on_white",
                                            "value": 0
                                        }
                                    ],
                                    "response_format": "scalar",
                                    "queries": [
                                        {
                                            "search": {
                                                "query": "source:alert status:error $monitor_name"
                                            },
                                            "data_source": "events",
                                            "compute": {
                                                "aggregation": "count"
                                            },
                                            "name": "query1",
                                            "indexes": [
                                                "*"
                                            ],
                                            "group_by": []
                                        }
                                    ]
                                }
                            ],
                            "autoscale": true,
                            "custom_unit": "%",
                            "precision": 0
                        },
                        "layout": {
                            "x": 0,
                            "y": 2,
                            "width": 2,
                            "height": 2
                        }
                    }
                ]
            },
            "layout": {
                "x": 0,
                "y": 14,
                "width": 12,
                "height": 5
            }
        },
        {
            "id": 2958116081359244,
            "definition": {
                "title": "Notifications - Week over Week",
                "type": "group",
                "background_color": "vivid_purple",
                "show_title": true,
                "layout_type": "ordered",
                "widgets": [
                    {
                        "id": 8159156696931754,
                        "definition": {
                            "title": "This Week",
                            "title_size": "16",
                            "title_align": "left",
                            "time": {
                                "live_span": "1w"
                            },
                            "type": "query_value",
                            "requests": [
                                {
                                    "formulas": [
                                        {
                                            "formula": "query1"
                                        }
                                    ],
                                    "response_format": "scalar",
                                    "queries": [
                                        {
                                            "search": {
                                                "query": "source:alert status:error $monitor_name"
                                            },
                                            "data_source": "events",
                                            "compute": {
                                                "aggregation": "count"
                                            },
                                            "name": "query1",
                                            "indexes": [
                                                "*"
                                            ],
                                            "group_by": []
                                        }
                                    ]
                                }
                            ],
                            "autoscale": true,
                            "precision": 0
                        },
                        "layout": {
                            "x": 0,
                            "y": 0,
                            "width": 2,
                            "height": 2
                        }
                    },
                    {
                        "id": 7056635506673410,
                        "definition": {
                            "title": "Week over week notification changes by day",
                            "title_size": "16",
                            "title_align": "left",
                            "show_legend": true,
                            "legend_layout": "horizontal",
                            "legend_columns": [
                                "avg",
                                "min",
                                "max",
                                "value",
                                "sum"
                            ],
                            "time": {
                                "live_span": "1w"
                            },
                            "type": "timeseries",
                            "requests": [
                                {
                                    "formulas": [
                                        {
                                            "alias": "Week over Week",
                                            "formula": "day_before(clamp_min(((query1 - week_before(query2)) / query1) * 100, 0))"
                                        }
                                    ],
                                    "response_format": "timeseries",
                                    "on_right_yaxis": false,
                                    "queries": [
                                        {
                                            "search": {
                                                "query": "source:alert status:error $monitor_name $service $env"
                                            },
                                            "data_source": "events",
                                            "compute": {
                                                "interval": 86400000,
                                                "aggregation": "count"
                                            },
                                            "name": "query1",
                                            "indexes": [
                                                "*"
                                            ],
                                            "group_by": []
                                        },
                                        {
                                            "search": {
                                                "query": "source:alert status:error $monitor_name $service $env"
                                            },
                                            "data_source": "events",
                                            "compute": {
                                                "interval": 86400000,
                                                "aggregation": "count"
                                            },
                                            "name": "query2",
                                            "indexes": [
                                                "*"
                                            ],
                                            "group_by": []
                                        }
                                    ],
                                    "style": {
                                        "palette": "red",
                                        "line_type": "solid",
                                        "line_width": "normal"
                                    },
                                    "display_type": "bars"
                                },
                                {
                                    "formulas": [
                                        {
                                            "alias": "Week over Week",
                                            "formula": "day_before(clamp_max(((query0 - week_before(query1)) / query0) * 100, 0))"
                                        }
                                    ],
                                    "response_format": "timeseries",
                                    "on_right_yaxis": false,
                                    "queries": [
                                        {
                                            "search": {
                                                "query": "source:alert status:error $monitor_name $service $env"
                                            },
                                            "data_source": "events",
                                            "compute": {
                                                "interval": 86400000,
                                                "aggregation": "count"
                                            },
                                            "name": "query0",
                                            "indexes": [
                                                "*"
                                            ],
                                            "group_by": []
                                        },
                                        {
                                            "search": {
                                                "query": "source:alert status:error $monitor_name $service $env"
                                            },
                                            "data_source": "events",
                                            "compute": {
                                                "interval": 86400000,
                                                "aggregation": "count"
                                            },
                                            "name": "query1",
                                            "indexes": [
                                                "*"
                                            ],
                                            "group_by": []
                                        }
                                    ],
                                    "style": {
                                        "palette": "green",
                                        "line_type": "solid",
                                        "line_width": "normal"
                                    },
                                    "display_type": "bars"
                                }
                            ],
                            "yaxis": {
                                "include_zero": true,
                                "scale": "linear",
                                "label": "",
                                "min": "auto",
                                "max": "auto"
                            },
                            "markers": [
                                {
                                    "label": " 100% incease ",
                                    "value": "y = 100",
                                    "display_type": "error dashed"
                                },
                                {
                                    "label": " 100% decrease ",
                                    "value": "y = -100",
                                    "display_type": "ok dashed"
                                },
                                {
                                    "value": "y = 0",
                                    "display_type": "info bold"
                                }
                            ]
                        },
                        "layout": {
                            "x": 2,
                            "y": 0,
                            "width": 10,
                            "height": 4
                        }
                    },
                    {
                        "id": 6198302508795014,
                        "definition": {
                            "title": "Change",
                            "title_size": "16",
                            "title_align": "left",
                            "time": {
                                "live_span": "1w"
                            },
                            "type": "query_value",
                            "requests": [
                                {
                                    "formulas": [
                                        {
                                            "formula": "((query1 - week_before(query1)) / query1) * 100"
                                        }
                                    ],
                                    "conditional_formats": [
                                        {
                                            "comparator": "<=",
                                            "palette": "green_on_white",
                                            "value": 0
                                        },
                                        {
                                            "comparator": ">",
                                            "palette": "red_on_white",
                                            "value": 0
                                        }
                                    ],
                                    "response_format": "scalar",
                                    "queries": [
                                        {
                                            "search": {
                                                "query": "source:alert status:error $monitor_name"
                                            },
                                            "data_source": "events",
                                            "compute": {
                                                "aggregation": "count"
                                            },
                                            "name": "query1",
                                            "indexes": [
                                                "*"
                                            ],
                                            "group_by": []
                                        }
                                    ]
                                }
                            ],
                            "autoscale": true,
                            "custom_unit": "%",
                            "precision": 0
                        },
                        "layout": {
                            "x": 0,
                            "y": 2,
                            "width": 2,
                            "height": 2
                        }
                    }
                ]
            },
            "layout": {
                "x": 0,
                "y": 19,
                "width": 12,
                "height": 5
            }
        },
        {
            "id": 3632297670042572,
            "definition": {
                "title": "Notifications - Month over Month",
                "type": "group",
                "background_color": "vivid_purple",
                "show_title": true,
                "layout_type": "ordered",
                "widgets": [
                    {
                        "id": 6411490606394382,
                        "definition": {
                            "title": "This Month",
                            "title_size": "16",
                            "title_align": "left",
                            "time": {
                                "live_span": "1mo"
                            },
                            "type": "query_value",
                            "requests": [
                                {
                                    "formulas": [
                                        {
                                            "formula": "query1"
                                        }
                                    ],
                                    "response_format": "scalar",
                                    "queries": [
                                        {
                                            "search": {
                                                "query": "source:alert status:error $monitor_name"
                                            },
                                            "data_source": "events",
                                            "compute": {
                                                "aggregation": "count"
                                            },
                                            "name": "query1",
                                            "indexes": [
                                                "*"
                                            ],
                                            "group_by": []
                                        }
                                    ]
                                }
                            ],
                            "autoscale": true,
                            "precision": 1
                        },
                        "layout": {
                            "x": 0,
                            "y": 0,
                            "width": 2,
                            "height": 2
                        }
                    },
                    {
                        "id": 8497135526340646,
                        "definition": {
                            "title": "Month over month notification changes by week",
                            "title_size": "16",
                            "title_align": "left",
                            "show_legend": true,
                            "legend_layout": "horizontal",
                            "legend_columns": [
                                "avg",
                                "min",
                                "max",
                                "value",
                                "sum"
                            ],
                            "time": {
                                "live_span": "1mo"
                            },
                            "type": "timeseries",
                            "requests": [
                                {
                                    "formulas": [
                                        {
                                            "alias": "Month over Month",
                                            "formula": "week_before(clamp_min(((query1 - month_before(week_before(query2))) / query1) * 100, 0))"
                                        }
                                    ],
                                    "response_format": "timeseries",
                                    "on_right_yaxis": false,
                                    "queries": [
                                        {
                                            "search": {
                                                "query": "source:alert status:error $monitor_name $service $env"
                                            },
                                            "data_source": "events",
                                            "compute": {
                                                "interval": 604800000,
                                                "aggregation": "count"
                                            },
                                            "name": "query1",
                                            "indexes": [
                                                "*"
                                            ],
                                            "group_by": []
                                        },
                                        {
                                            "search": {
                                                "query": "source:alert status:error $monitor_name $service $env"
                                            },
                                            "data_source": "events",
                                            "compute": {
                                                "interval": 604800000,
                                                "aggregation": "count"
                                            },
                                            "name": "query2",
                                            "indexes": [
                                                "*"
                                            ],
                                            "group_by": []
                                        }
                                    ],
                                    "style": {
                                        "palette": "red",
                                        "line_type": "solid",
                                        "line_width": "normal"
                                    },
                                    "display_type": "bars"
                                },
                                {
                                    "formulas": [
                                        {
                                            "alias": "Month over Month",
                                            "formula": "week_before(clamp_max(((query0 - month_before(week_before(query1))) / query0) * 100, 0))"
                                        }
                                    ],
                                    "response_format": "timeseries",
                                    "on_right_yaxis": false,
                                    "queries": [
                                        {
                                            "search": {
                                                "query": "source:alert status:error $monitor_name $service $env"
                                            },
                                            "data_source": "events",
                                            "compute": {
                                                "interval": 604800000,
                                                "aggregation": "count"
                                            },
                                            "name": "query0",
                                            "indexes": [
                                                "*"
                                            ],
                                            "group_by": []
                                        },
                                        {
                                            "search": {
                                                "query": "source:alert status:error $monitor_name $service $env"
                                            },
                                            "data_source": "events",
                                            "compute": {
                                                "interval": 604800000,
                                                "aggregation": "count"
                                            },
                                            "name": "query1",
                                            "indexes": [
                                                "*"
                                            ],
                                            "group_by": []
                                        }
                                    ],
                                    "style": {
                                        "palette": "green",
                                        "line_type": "solid",
                                        "line_width": "normal"
                                    },
                                    "display_type": "bars"
                                }
                            ],
                            "yaxis": {
                                "include_zero": true,
                                "scale": "linear",
                                "label": "",
                                "min": "auto",
                                "max": "auto"
                            },
                            "markers": [
                                {
                                    "label": " 100% incease ",
                                    "value": "y = 100",
                                    "display_type": "error dashed"
                                },
                                {
                                    "label": " 100% decrease ",
                                    "value": "y = -100",
                                    "display_type": "ok dashed"
                                },
                                {
                                    "value": "y = 0",
                                    "display_type": "info bold"
                                }
                            ]
                        },
                        "layout": {
                            "x": 2,
                            "y": 0,
                            "width": 10,
                            "height": 4
                        }
                    },
                    {
                        "id": 1124114552307536,
                        "definition": {
                            "title": "Change",
                            "title_size": "16",
                            "title_align": "left",
                            "time": {
                                "live_span": "1mo"
                            },
                            "type": "query_value",
                            "requests": [
                                {
                                    "formulas": [
                                        {
                                            "formula": "((query1 - month_before(query1)) / query1) * 100"
                                        }
                                    ],
                                    "conditional_formats": [
                                        {
                                            "comparator": "<=",
                                            "palette": "green_on_white",
                                            "value": 0
                                        },
                                        {
                                            "comparator": ">",
                                            "palette": "red_on_white",
                                            "value": 0
                                        }
                                    ],
                                    "response_format": "scalar",
                                    "queries": [
                                        {
                                            "search": {
                                                "query": "source:alert status:error $monitor_name"
                                            },
                                            "data_source": "events",
                                            "compute": {
                                                "aggregation": "count"
                                            },
                                            "name": "query1",
                                            "indexes": [
                                                "*"
                                            ],
                                            "group_by": []
                                        }
                                    ]
                                }
                            ],
                            "autoscale": true,
                            "custom_unit": "%",
                            "precision": 0
                        },
                        "layout": {
                            "x": 0,
                            "y": 2,
                            "width": 2,
                            "height": 2
                        }
                    }
                ]
            },
            "layout": {
                "x": 0,
                "y": 24,
                "width": 12,
                "height": 5
            }
        },
        {
            "id": 8489905482165260,
            "definition": {
                "title": "⚡️ LIVE Notification Feed",
                "type": "group",
                "background_color": "white",
                "show_title": true,
                "layout_type": "ordered",
                "widgets": [
                    {
                        "id": 7210939519300260,
                        "definition": {
                            "type": "note",
                            "content": "[**View more in the Event Explorer ↗︎**](https://app.datadoghq.com/event/explorer)",
                            "background_color": "yellow",
                            "font_size": "14",
                            "text_align": "center",
                            "vertical_align": "center",
                            "show_tick": true,
                            "tick_pos": "50%",
                            "tick_edge": "bottom",
                            "has_padding": true
                        },
                        "layout": {
                            "x": 0,
                            "y": 0,
                            "width": 6,
                            "height": 1
                        }
                    },
                    {
                        "id": 5097874274761194,
                        "definition": {
                            "title": "Notification feed",
                            "title_size": "16",
                            "title_align": "left",
                            "type": "event_stream",
                            "query": "sources:alert $monitor_name $service $env",
                            "tags_execution": "and",
                            "event_size": "s"
                        },
                        "layout": {
                            "x": 0,
                            "y": 1,
                            "width": 12,
                            "height": 6
                        }
                    }
                ]
            },
            "layout": {
                "x": 0,
                "y": 29,
                "width": 12,
                "height": 8
            }
        }
    ],
    "template_variables": [
        {
            "name": "env",
            "default": "*",
            "prefix": "env",
            "available_values": []
        },
        {
            "name": "monitor_name",
            "default": "*",
            "prefix": "@evt.name",
            "available_values": []
        },
        {
            "name": "service",
            "default": "*",
            "prefix": "service",
            "available_values": []
        }
    ],
    "layout_type": "ordered",
    "is_read_only": true,
    "notify_list": [],
    "reflow_type": "fixed",
    "id": 30532
}
